Urology,inf
Neurology,inf
Anesthesiology,inf
Cardiology,inf
Dentist,inf
Dermatology,inf
Emergency Medicine,inf
Endocrinology,inf
Family Practice,inf
Gastroenterology,inf
General Practice,inf
General Surgery,inf
Hematology/Oncology,inf
Infectious Disease,inf
Internal Medicine,inf
Nephrology,inf
Nurse Practitioner,inf
Student in an Organized Health Care Education/Training Program,inf
Obstetrics/Gynecology,inf
Ophthalmology,inf
Optometry,inf
Oral Surgery (dentists only),inf
Orthopedic Surgery,inf
Otolaryngology,inf
Pediatric Medicine,inf
Physical Medicine and Rehabilitation,inf
Physician Assistant,inf
Podiatry,inf
Psychiatry,inf
Psychiatry & Neurology,inf
Pulmonary Disease,inf
Rheumatology,inf
Allergy/Immunology,inf
